Monday,1/26/2015,7:45 PM,9:00 PM,Pond,Game,League,RichmondGirls Midget C2,SurreyFemale Midget C1,MP9500
Tuesday,1/27/2015,9:15 PM,10:30 PM,Killarney,Game,League,VancouverGirls Midget A1,RichmondGirls Midget A1,MP9000
Wednesday,1/28/2015,6:00 PM,7:15 PM,Cloverdale,Game,League,SurreyFemale Peewee A1,RichmondGirls Peewee A1,PP9000
Wednesday,1/28/2015,6:30 PM,7:45 PM,Coliseum,Game,League,RichmondGirls Bantam C2,NorthShoreFemale Bantam C1,BP9706
Thursday,1/29/2015,6:15 PM,7:30 PM,HarryJerome,Game,League,NorthShoreFemale Atom C1,RichmondGirls Atom C1,AP9001
Thursday,1/29/2015,6:30 PM,8:00 PM,Garage,Game,League,RichmondGirls Midget C1,TriCitiesFemale Midget C1,MP9301
Thursday,1/29/2015,8:00 PM,9:15 PM,Tilbury,Game,League,SouthDeltaFemale Bantam C1,RichmondGirls Bantam C1,BP9300
Friday,1/30/2015,6:15 PM,7:30 PM,Igloo,Game,League,RichmondGirls Atom C1,TriCitiesFemale Atom C1,AP9003
Friday,1/30/2015,7:30 PM,8:45 PM,IceSportsNorthShoreBlue,Game,League,NorthShoreFemale Bantam A1,RichmondGirls Bantam A1,BP9002
Friday,1/30/2015,7:45 PM,9:15 PM,Igloo,Game,League,RichmondGirls Bantam C2,LangleyGirls Bantam C1,BP9701
Friday,1/30/2015,8:30 PM,10:00 PM,Silver,Game,League,RichmondGirls Midget A1,VancouverGirls Midget A1,MP9001
Saturday,1/31/2015,8:45 AM,10:00 AM,PlanetIceDeltaCanadian,Game,League,SurreyFemale Peewee C1,RichmondGirls Peewee C1,PP9503
Saturday,1/31/2015,9:30 AM,10:45 AM,IceSportsNorthShoreRed,Game,League,NorthShoreFemale Atom C3,RichmondGirls Atom C3,AP9801
Saturday,1/31/2015,11:00 AM,12:15 PM,IceSportsNorthShoreRed,Game,League,NorthShoreFemale Peewee A1,RichmondGirls Peewee A2,PP9001
Saturday,1/31/2015,2:30 PM,3:30 PM,BurnabyLake,Game,League,BurnabyFemale Atom C1,RichmondGirls Atom C2,AP9200
Saturday,1/31/2015,5:45 PM,7:00 PM,Igloo,Game,League,RichmondGirls Bantam C1,SouthDeltaFemale Bantam C1,BP9307
Sunday,2/1/2015,12:45 PM,2:00 PM,OvalNorth,Game,League,VancouverGirls Bantam C1,RichmondGirls Bantam C2,BP9704
Sunday,2/1/2015,1:30 PM,3:00 PM,Coliseum,Game,League,RichmondGirls Bantam C1,TriCitiesFemale Bantam C1,BP9301
Sunday,2/1/2015,3:15 PM,4:45 PM,Coliseum,Game,League,RichmondGirls Bantam A1,AbbotsfordFemale Bantam A1,BP9004
Sunday,2/1/2015,4:00 PM,5:30 PM,Forum,Game,League,RichmondGirls Peewee A2,SurreyFemale Peewee A1,PP9004
Sunday,2/1/2015,4:15 PM,5:45 PM,LangleyTwin1,Game,League,LangleyGirls Midget C1,RichmondGirls Midget C1,MP9304
Sunday,2/1/2015,5:45 PM,7:00 PM,Igloo,Game,League,RichmondGirls Peewee C1,LangleyGirls Peewee C2,PP9505
Sunday,2/1/2015,6:30 PM,7:45 PM,Silver,Game,League,RichmondGirls Midget A1,VancouverGirls Midget A1,MP9002
Monday,2/2/2015,6:45 PM,8:15 PM,PlanetIceMapleRidge1,Game,League,MeadowRidgeFemale Bantam C1,RichmondGirls Bantam C2,BP9705
Monday,2/2/2015,7:45 PM,9:00 PM,OvalSouth,Game,League,RichmondGirls Juvenile C1,NorthShoreWinterClubFemale Juvenile C1,JP9002
Monday,2/2/2015,7:45 PM,9:00 PM,Pond,Game,League,RichmondGirls Midget C2,TriCitiesFemale Midget C3,MP9507
Tuesday,2/3/2015,8:15 PM,9:30 PM,HarryJerome,Game,League,NorthShoreFemale Midget C1,RichmondGirls Midget C1,MP9305
Tuesday,2/3/2015,9:15 PM,10:30 PM,Killarney,Game,League,VancouverGirls Midget A1,RichmondGirls Midget A1,MP9003
Wednesday,2/4/2015,6:30 PM,7:45 PM,Coliseum,Game,League,RichmondGirls Peewee A2,AbbotsfordFemale Peewee A1,PP9018
Thursday,2/5/2015,6:15 PM,7:30 PM,HarryJerome,Game,League,NorthShoreFemale Peewee A1,RichmondGirls Peewee A1,PP9008
Friday,2/6/2015,6:15 PM,7:30 PM,Igloo,Game,League,RichmondGirls Midget C2,SouthDeltaFemale Midget C1,MP9514
Friday,2/6/2015,7:45 PM,9:15 PM,Igloo,Game,League,RichmondGirls Peewee A1,VancouverGirls Peewee A1,PP9003
Friday,2/6/2015,8:15 PM,9:30 PM,PocoGreen,Game,League,TriCitiesFemale Midget C1,RichmondGirls Midget C1,MP9313
Saturday,2/7/2015,10:00 AM,11:15 AM,Killarney,Game,League,VancouverGirls Bantam A1,RichmondGirls Bantam A1,BP9008
Saturday,2/7/2015,11:45 AM,1:00 PM,Pond,Game,League,RichmondGirls Atom C3,SouthDeltaFemale Atom C1,AP9803
Saturday,2/7/2015,5:30 PM,6:45 PM,CoquitlamRec,Game,League,TriCitiesFemale Peewee A1,RichmondGirls Peewee A2,PP9009
Saturday,2/7/2015,5:45 PM,7:00 PM,Igloo,Game,League,RichmondGirls Midget C2,WesternWashingtonFemale Midget C1,MP9504
Sunday,2/8/2015,12:45 PM,2:00 PM,IceSportsNorthShoreGreen,Game,League,NorthShoreFemale Peewee C2,RichmondGirls Peewee C1,PP9510
Sunday,2/8/2015,1:30 PM,3:00 PM,Coliseum,Game,League,RichmondGirls Peewee A1,AbbotsfordFemale Peewee A1,PP9010
Sunday,2/8/2015,4:00 PM,5:30 PM,Forum,Game,League,RichmondGirls Peewee A2,VancouverGirls Peewee A1,PP9011
Sunday,2/8/2015,5:45 PM,7:00 PM,Forum,Game,League,RichmondGirls Atom C2,MeadowRidgeFemale Atom C1,AP9202
Thursday,2/12/2015,6:30 PM,8:00 PM,Garage,Game,League,RichmondGirls Midget C1,LangleyGirls Midget C1,MP9311
Thursday,2/12/2015,8:00 PM,9:15 PM,AbbotsfordMRC,Game,League,AbbotsfordFemale Bantam A1,RichmondGirls Bantam A1,BP9011
Friday,2/13/2015,6:15 PM,7:30 PM,Igloo,Game,League,RichmondGirls Atom C1,SurreyFemale Atom C1,AP9004
Friday,2/13/2015,7:45 PM,9:15 PM,Igloo,Game,League,RichmondGirls Bantam C2,VancouverGirls Bantam C1,BP9711
Saturday,2/14/2015,11:45 AM,1:00 PM,Pond,Game,League,RichmondGirls Atom C3,VancouverGirls Atom C1,AP9804
Saturday,2/14/2015,4:45 PM,6:15 PM,GeorgePreston,Game,League,LangleyGirls Bantam C1,RichmondGirls Bantam C2,BP9713
Saturday,2/14/2015,5:45 PM,7:00 PM,Igloo,Game,League,RichmondGirls Bantam A1,SurreyFemale Bantam A1,BP9009
Sunday,2/15/2015,11:15 AM,12:30 PM,NorthShoreWinterClub,Game,League,NorthShoreWinterClubFemale Atom C1,RichmondGirls Atom C2,AP9204
Sunday,2/15/2015,1:30 PM,3:00 PM,Coliseum,Game,League,RichmondGirls Peewee A1,RichmondGirls Peewee A2,PP9017
Sunday,2/15/2015,3:15 PM,4:45 PM,Coliseum,Game,League,RichmondGirls Bantam A1,NorthShoreFemale Bantam A1,BP9014
Sunday,2/15/2015,5:45 PM,7:00 PM,Igloo,Game,League,RichmondGirls Peewee C1,VancouverGirls Peewee C1,PP9514
Sunday,2/15/2015,7:45 PM,9:15 PM,SurreyLeisure3,Game,League,SurreyFemale Juvenile C1,RichmondGirls Juvenile C1,JP9005
Monday,2/16/2015,7:45 PM,9:00 PM,OvalSouth,Game,League,RichmondGirls Juvenile C1,ChilliwackFemale Juvenile C1,JP9006
Wednesday,2/18/2015,6:00 PM,7:15 PM,Cloverdale,Game,League,SurreyFemale Bantam A1,RichmondGirls Bantam A1,BP9015
Thursday,2/19/2015,6:30 PM,8:00 PM,Garage,Game,League,RichmondGirls Midget C1,NorthShoreFemale Midget C1,MP9316
Thursday,2/19/2015,7:30 PM,8:45 PM,SurreyLeisure1,Game,League,SurreyFemale Bantam C1,RichmondGirls Bantam C1,BP9305
Thursday,2/19/2015,7:30 PM,9:00 PM,LangleySportsplex2,Game,League,LangleyGirls Midget C2,RichmondGirls Midget C2,MP9512
Friday,2/20/2015,7:45 PM,9:15 PM,Igloo,Game,League,RichmondGirls Bantam C2,MeadowRidgeFemale Bantam C1,BP9716
Saturday,2/21/2015,5:45 PM,7:00 PM,Igloo,Game,League,RichmondGirls Bantam C1,SurreyFemale Bantam C1,BP9311
Saturday,2/21/2015,6:45 PM,8:00 PM,NorthShoreWinterClub,Game,League,NorthShoreWinterClubFemale Midget C1,RichmondGirls Midget C1,MP9317
Sunday,2/22/2015,12:45 PM,2:00 PM,IceSportsNorthShoreGreen,Game,League,NorthShoreFemale Bantam C1,RichmondGirls Bantam C2,BP9717
Sunday,2/22/2015,3:15 PM,4:45 PM,Coliseum,Game,League,RichmondGirls Bantam A1,VancouverGirls Bantam A1,BP9019
Sunday,2/22/2015,3:45 PM,5:00 PM,PlanetIceCoquitlam1,Game,League,TriCitiesFemale Bantam C1,RichmondGirls Bantam C1,BP9308
Sunday,2/22/2015,4:00 PM,5:30 PM,Forum,Game,League,RichmondGirls Peewee C1,AbbotsfordFemale Peewee C1,PP9511
Sunday,2/22/2015,7:00 PM,8:15 PM,PortMoody2,Game,League,TriCitiesFemale Midget C2,RichmondGirls Midget C2,MP9520
Thursday,2/26/2015,9:45 PM,11:00 PM,PocoBlue,Game,League,TriCitiesFemale Juvenile C1,RichmondGirls Juvenile C1,JP9009
