Monday,12/8/2014,3:30 PM,4:30 PM,Gardens,TeamSkills,Accelerator,Bantam A1
Monday,12/8/2014,4:45 PM,5:45 PM,Gardens,Practice,Peewee A2
Monday,12/8/2014,5:00 PM,6:00 PM,OvalNorth,Practice,Atom C3
Monday,12/8/2014,5:30 PM,6:45 PM,Igloo,Practice,Peewee A1
Monday,12/8/2014,7:45 PM,9:00 PM,Pond,Game,League,RichmondGirls Midget C2,VancouverGirls Midget C2,ML9500
Monday,12/8/2014,7:45 PM,9:00 PM,OvalSouth,Practice,Juvenile C1
Tuesday,12/9/2014,6:00 AM,7:15 AM,Garage,Practice,Peewee A2
Tuesday,12/9/2014,4:30 PM,5:30 PM,Igloo,Practice,Novice C1
Tuesday,12/9/2014,4:45 PM,5:45 PM,Pond,Practice,TC1/TC2
Tuesday,12/9/2014,5:45 PM,6:45 PM,Igloo,Practice,Novice C2
Tuesday,12/9/2014,6:00 PM,7:15 PM,Pond,TeamSkills,Development,BA1/MA1
Tuesday,12/9/2014,6:15 PM,7:30 PM,PlanetIceCoquitlam2,Game,League,TriCitiesFemale Peewee A1,RichmondGirls Peewee A1,PL9016
Wednesday,12/10/2014,6:00 AM,7:15 AM,Stadium,Practice,Atom C1
Wednesday,12/10/2014,3:30 PM,4:30 PM,Pond,TeamSkills,Accelerator,PA1/PA2
Wednesday,12/10/2014,4:45 PM,5:45 PM,Pond,TeamSkills,Development,AC2/AC3
Wednesday,12/10/2014,5:00 PM,6:15 PM,Coliseum,TeamSkills,Development,MC1/MC2/BC1
Wednesday,12/10/2014,6:00 PM,7:15 PM,Pond,Practice,Bantam A1
Wednesday,12/10/2014,6:00 PM,7:15 PM,PlanetIceCoquitlam4,Game,League,TriCitiesFemale Atom C1,RichmondGirls Atom C1,AL9009
Wednesday,12/10/2014,6:30 PM,7:45 PM,Coliseum,Game,League,RichmondGirls Bantam C2,TriCitiesFemale Bantam C2,BL9536
Thursday,12/11/2014,6:00 AM,7:15 AM,Silver,Practice,Peewee A1
Thursday,12/11/2014,5:45 PM,7:00 PM,Pond,Practice,Bantam C1
Thursday,12/11/2014,6:30 PM,8:00 PM,Garage,Practice,Midget C1
Thursday,12/11/2014,7:30 PM,9:00 PM,LangleySportsplex2,Game,League,LangleyGirls Peewee C2,RichmondGirls Peewee C1,PL9530
Thursday,12/11/2014,7:45 PM,9:00 PM,Agrodome,Game,League,VancouverGirls Midget C2,RichmondGirls Midget C2,ML9531
Friday,12/12/2014,6:00 AM,7:15 AM,Coliseum,Practice,Bantam A1
Friday,12/12/2014,4:45 PM,6:00 PM,Igloo,Practice,Peewee C1
Friday,12/12/2014,6:15 PM,7:30 PM,Igloo,Practice,Atom C1
Friday,12/12/2014,7:30 PM,8:45 PM,IceSportsNorthShoreBlue,Game,League,NorthShoreFemale Bantam A1,RichmondGirls Bantam A1,BL9022
Friday,12/12/2014,7:45 PM,9:15 PM,Igloo,Game,League,RichmondGirls Bantam C2,VancouverGirls Bantam C1,BL9529
Friday,12/12/2014,7:45 PM,9:15 PM,SurreyLeisure3,Game,League,SurreyFemale Midget A1,RichmondGirls Midget A1,ML9030
Friday,12/12/2014,8:15 PM,9:30 PM,Stadium,Game,League,RichmondGirls Midget C2,WesternWashingtonFemale Midget C1,ML9528
Saturday,12/13/2014,7:00 AM,8:00 AM,Stadium,Available
Saturday,12/13/2014,7:30 AM,8:30 AM,Pond,Available
Saturday,12/13/2014,8:15 AM,9:15 AM,Stadium,Practice,NC1/NC2
Saturday,12/13/2014,8:15 AM,9:30 AM,Coliseum,Practice,Atom C2
Saturday,12/13/2014,9:30 AM,10:30 AM,Stadium,Practice,TC1/TC2
Saturday,12/13/2014,11:45 AM,1:00 PM,Pond,Practice,Atom C3
Saturday,12/13/2014,2:15 PM,3:30 PM,AbbotsfordCentreIceBlue,Game,League,AbbotsfordFemale Midget C1,RichmondGirls Midget C1,ML9332
Saturday,12/13/2014,3:30 PM,4:45 PM,NorthSurrey2,Game,League,SurreyFemale Bantam C2,RichmondGirls Bantam C2,BL9531
Saturday,12/13/2014,4:00 PM,5:30 PM,SurreyLeisure3,Game,League,SurreyFemale Atom C1,RichmondGirls Atom C1,AL9010
Saturday,12/13/2014,4:15 PM,5:30 PM,Igloo,Available
Saturday,12/13/2014,5:15 PM,6:15 PM,OvalNorth,Practice,Midget C2
Saturday,12/13/2014,5:45 PM,7:00 PM,Igloo,Available
Saturday,12/13/2014,6:30 PM,7:30 PM,OvalNorth,Available
Saturday,12/13/2014,7:15 PM,8:30 PM,CoquitlamMain,Game,League,TriCitiesFemale Bantam C1,RichmondGirls Bantam C1,BL9325
Sunday,12/14/2014,6:30 AM,7:30 AM,Igloo,Available
Sunday,12/14/2014,7:45 AM,9:00 AM,Igloo,Available
Sunday,12/14/2014,8:15 AM,9:15 AM,OvalSouth,Practice,Atom C1
Sunday,12/14/2014,9:00 AM,10:00 AM,Pond,Practice,TC1/TC2
Sunday,12/14/2014,9:00 AM,10:15 AM,Newton,Game,League,SurreyFemale Atom C2,RichmondGirls Atom C2,AL9318
Sunday,12/14/2014,9:15 AM,10:15 AM,Igloo,Game,League,RichmondGirls Novice C1,RichmondGirls Novice C2,NL9008
Sunday,12/14/2014,1:00 PM,2:15 PM,PlanetIceCoquitlam1,Game,League,TriCitiesFemale Atom C3,RichmondGirls Atom C3,AL9519
Sunday,12/14/2014,1:30 PM,3:00 PM,Coliseum,Available
Sunday,12/14/2014,3:15 PM,4:45 PM,Coliseum,Game,League,RichmondGirls Bantam A1,AbbotsfordFemale Bantam A1,BL9024
Sunday,12/14/2014,4:00 PM,5:30 PM,Forum,Available
Sunday,12/14/2014,4:45 PM,6:00 PM,AbbotsfordCentreIceBlue,Game,League,AbbotsfordFemale Peewee A1,RichmondGirls Peewee A1,PL9033
Sunday,12/14/2014,5:30 PM,6:45 PM,Hillcrest,Game,League,VancouverGirls Peewee A1,RichmondGirls Peewee A2,PL9034
Sunday,12/14/2014,5:45 PM,7:00 PM,Forum,Available
Sunday,12/14/2014,5:45 PM,7:00 PM,Igloo,Game,League,RichmondGirls Peewee C1,SurreyFemale Peewee C1,PL9535
