Monday,11/3/2014,3:30 PM,4:30 PM,Gardens,TeamSkills,Accelerator,Bantam A1
Monday,11/3/2014,4:45 PM,5:45 PM,Gardens,Practice,Peewee A2
Monday,11/3/2014,5:00 PM,6:00 PM,OvalNorth,Practice,Atom C3
Monday,11/3/2014,5:30 PM,6:45 PM,Igloo,Practice,Peewee A1
Monday,11/3/2014,7:45 PM,9:00 PM,Pond,Practice,Midget C2
Monday,11/3/2014,7:45 PM,9:00 PM,OvalSouth,Practice,Juvenile C1
Tuesday,11/4/2014,6:00 AM,7:15 AM,Garage,Practice,Peewee A2
Tuesday,11/4/2014,4:30 PM,5:30 PM,Igloo,TeamSkills,Development,PC1/BC2
Tuesday,11/4/2014,4:45 PM,5:45 PM,Pond,Practice,TC1/TC2
Tuesday,11/4/2014,5:45 PM,6:45 PM,Igloo,Practice,NC1/NC2
Tuesday,11/4/2014,6:00 PM,7:15 PM,Pond,TeamSkills,Development,BA1/MA1
Wednesday,11/5/2014,6:00 AM,7:15 AM,Stadium,Available
Wednesday,11/5/2014,3:30 PM,4:30 PM,Pond,TeamSkills,Accelerator,PA1/PA2
Wednesday,11/5/2014,4:45 PM,5:45 PM,Pond,OtherSkills,New Skaters
Wednesday,11/5/2014,5:00 PM,6:15 PM,Coliseum,TeamSkills,Development,PA1/PA2
Wednesday,11/5/2014,6:00 PM,7:15 PM,Pond,Practice,Atom C2
Wednesday,11/5/2014,6:30 PM,7:45 PM,Coliseum,Practice,Bantam C1
Thursday,11/6/2014,6:00 AM,7:15 AM,Silver,Practice,Atom C1
Thursday,11/6/2014,5:45 PM,7:00 PM,Pond,Available
Thursday,11/6/2014,6:30 PM,8:00 PM,Garage,Practice,Midget C1
Friday,11/7/2014,6:00 AM,7:15 AM,Coliseum,Available
Friday,11/7/2014,8:30 PM,10:00 PM,Silver,Practice,Midget A1
Saturday,11/8/2014,7:00 AM,8:00 AM,Stadium,Available
Saturday,11/8/2014,8:15 AM,9:15 AM,Stadium,Practice,NC1/NC2
Saturday,11/8/2014,8:45 AM,9:45 AM,Silver,OtherSkills,Goalies
Saturday,11/8/2014,9:30 AM,10:30 AM,Stadium,Practice,TC1/TC2
Saturday,11/8/2014,5:15 PM,6:15 PM,OvalNorth,Practice,Midget C2
Saturday,11/8/2014,6:30 PM,7:30 PM,OvalNorth,Practice,Bantam C2
Sunday,11/9/2014,6:45 AM,8:00 AM,Igloo,Available
Sunday,11/9/2014,8:15 AM,9:15 AM,OvalSouth,Practice,Atom C1
Sunday,11/9/2014,9:30 AM,10:45 AM,OvalSouth,Practice,Peewee A2
Sunday,11/9/2014,5:30 PM,7:00 PM,Igloo,Practice,Peewee C1
Sunday,11/9/2014,6:30 PM,7:45 PM,Silver,Practice,Midget A1

